TYPE,CONC_NM_PBPK_pred,DV_NM
DOSE,0,NA
SAMPLE,36275.707,304.315357192768
SAMPLE,35776.9,157.977490394941
SAMPLE,35356.815,123.375402993436
SAMPLE,34791.653,110.483532472828
SAMPLE,34411.94,83.6523412382437
SAMPLE,33877.167,78.4973113347139
SAMPLE,32915.752,60.9520464815263
SAMPLE,31934.51,67.1916514778414
SAMPLE,30924.313,52.1873911277507
SAMPLE,22644.653,26.8365605219324
DOSE,0,NA
SAMPLE,6326.0627,829.299928174968
SAMPLE,4311.03,417.122964528933
SAMPLE,3742.724,348.253865293765
SAMPLE,2960.0003,287.792056548411
SAMPLE,2113.6444,228.440843614237
SAMPLE,1103.11,171.605900313572
SAMPLE,356.47574,126.016347591523
SAMPLE,138.85292,119.043102943508
SAMPLE,63.76793,98.9469933382663
SAMPLE,1.4867779,19.2272910962548
DOSE,0,NA
SAMPLE,8426.485,202431.831977285
SAMPLE,6770.7114,108029.359464695
SAMPLE,4454.36,55263.9511194024
SAMPLE,2351.795,17823.7643407601
SAMPLE,691.41746,4190.79313496546
SAMPLE,79.118304,3608.61769371776
SAMPLE,1.7202186,117.478834774702
SAMPLE,0.041917232,87.2156862399706
SAMPLE,0.001028974,82.5044648574369
SAMPLE,7.442768e-09,33.0468626561768
DOSE,0,NA
SAMPLE,8426.485,1410.59684276273
SAMPLE,6770.7114,1079.7066108816
SAMPLE,4454.36,373.498642075656
SAMPLE,2351.795,162.941238081098
SAMPLE,691.41746,43.4520247443873
SAMPLE,79.118304,5.56670133423331
DOSE,0,NA
SAMPLE,26470.932,2556.82657575701
SAMPLE,24446.676,1734.92507366288
SAMPLE,19153.755,1396.97709649411
SAMPLE,12832.478,1156.79189042104
SAMPLE,5514.3766,993.649485903397
SAMPLE,916.0124,812.103116860712
SAMPLE,20.729668,480.563098477543
SAMPLE,0.41943011,293.086260292833
SAMPLE,0.008177608,216.102423387286
SAMPLE,1.4220451e-06,21.5428334546954
DOSE,0,NA
SAMPLE,6799.14,731.405846216512
SAMPLE,2733.0294,460.831332638158
SAMPLE,1407.6036,420.965667102289
SAMPLE,576.4252,204.412602633866
SAMPLE,273.84606,148.300293626486
SAMPLE,86.18386,95.6332636758106
SAMPLE,28.76819,69.5590495502037
SAMPLE,9.82974,40.8042964374039
SAMPLE,0.0050031153,4.41267261323981
DOSE,0,NA
SAMPLE,43795.467,876.518517827501
SAMPLE,42479.24,447.567990140738
SAMPLE,39500.084,235.122073767643
SAMPLE,35901.46,202.090187350608
SAMPLE,30194.26,126.169461498709
SAMPLE,22338.715,54.9005183709564
SAMPLE,13086.304,17.9442101460545
SAMPLE,7739.409,5.86929738737441
SAMPLE,4663.479,4.01171100763424
DOSE,0,NA
SAMPLE,17890.207,628.950672135029
SAMPLE,10120.989,370.23105403364
SAMPLE,2186.0595,244.116516676307
SAMPLE,789.6723,181.603957149688
SAMPLE,470.08744,142.123004242888
SAMPLE,274.4007,114.294899695551
SAMPLE,90.90026,74.845154287097
SAMPLE,37.424196,48.8787819137817
SAMPLE,17.296454,38.8074286977447
SAMPLE,0.40191767,3.07121797877024
DOSE,0,NA
SAMPLE,0,4744.95710543109
SAMPLE,23278.135,3154.53726174134
SAMPLE,16242.409,1607.19166473264
SAMPLE,5506.0115,1006.19585586241
SAMPLE,2285.2414,531.564625383528
SAMPLE,1514.2866,138.694228684029
SAMPLE,826.7463,12.5023819911244
SAMPLE,404.35696,3.07018439659629
SAMPLE,212.46734,2.54791818375338
DOSE,0,NA
SAMPLE,0,4126.14826507921
SAMPLE,3179.518,2668.63556042497
SAMPLE,2863.6851,2237.52934107654
SAMPLE,2410.0904,1305.44147070675
SAMPLE,1862.9668,885.36118344326
SAMPLE,1107.1897,530.259766081187
SAMPLE,431.44163,209.760934842573
SAMPLE,200.01069,50.0159393798569
SAMPLE,102.46114,14.0698206756857
DOSE,0,NA
SAMPLE,1237.0857,3879.40823945847
SAMPLE,783.7188,1813.45549555669
SAMPLE,533.421,1175.68867161551
SAMPLE,348.39597,472.491609179265
SAMPLE,253.4244,223.213745598083
SAMPLE,149.56334,94.3973169289857
SAMPLE,71.810484,33.7175134688973
SAMPLE,42.860225,9.60969144117001
SAMPLE,27.349858,2.9729488650457
DOSE,0,NA
SAMPLE,0,3090.6523648684
SAMPLE,37556.652,2035.08686724603
SAMPLE,33247.65,1410.99508647108
SAMPLE,21404.179,489.057667735689
SAMPLE,11859.937,134.388128791546
SAMPLE,4159.3413,15.6766240129022
DOSE,0,NA
SAMPLE,32545.624,13657.2451661714
SAMPLE,29856.913,5491.15017088565
SAMPLE,26039.97,4444.57783101495
SAMPLE,16337.265,1949.95164892484
SAMPLE,8889.039,658.183272433549
SAMPLE,2975.484,158.367639935881
SAMPLE,574.8778,32.3761649900074
SAMPLE,330.48278,14.4275245088861
SAMPLE,276.10704,6.18204217403136
DOSE,0,NA
SAMPLE,0,4046.07192142402
SAMPLE,14355.591,2849.90087382855
SAMPLE,6721.6253,1966.64176665657
SAMPLE,499.6573,845.755687866694
SAMPLE,83.973885,321.480077035485
SAMPLE,40.14188,65.7513194845578
SAMPLE,28.982086,8.7963170702988
SAMPLE,24.103234,4.04763929917336
SAMPLE,14.712359,2.08253605892714
DOSE,0,NA
SAMPLE,18495.05,11665.1371699679
SAMPLE,13074.036,7338.02532644988
SAMPLE,9436.532,4565.41408065634
SAMPLE,4897.5506,3522.29222404438
SAMPLE,2515.9204,2772.99022883727
SAMPLE,1123.2169,2103.4936574156
SAMPLE,564.0659,1582.7169071119
SAMPLE,396.1052,423.092907601866
SAMPLE,317.31096,189.497559769005
SAMPLE,125.93664,4.49134912901248
DOSE,0,NA
SAMPLE,30921.568,30096.2510724391
SAMPLE,22752.966,24600.9565491192
SAMPLE,15853.908,12038.8822696172
SAMPLE,5831.494,7770.23171103724
SAMPLE,1811.5218,4900.30999580968
SAMPLE,522.77994,2487.31805801843
SAMPLE,130.99724,1037.62227830506
SAMPLE,59.86293,166.373072831489
SAMPLE,47.368463,155.710806166232
SAMPLE,4.1104313,9.59386216301289
DOSE,0,NA
SAMPLE,15151.317,8227.84122364432
SAMPLE,8918.094,2970.62654854012
SAMPLE,5413.708,1280.06111060842
SAMPLE,2634.073,725.112107294191
SAMPLE,1653.8192,429.270436170101
SAMPLE,953.7006,160.335054044343
SAMPLE,427.0048,40.425102012805
SAMPLE,205.23517,6.921790879233
SAMPLE,103.349455,2.93459531068589
DOSE,0,NA
SAMPLE,24953.064,1286.83618953651
SAMPLE,21774.862,1168.89979737799
SAMPLE,17504.995,609.514383123542
SAMPLE,8067.634,295.630594130726
SAMPLE,3086.985,130.228655653244
SAMPLE,985.7974,41.7417669998978
SAMPLE,544.5576,10.6449925701221
SAMPLE,376.6392,3.21773272253391
SAMPLE,267.34823,2.19338306602034
DOSE,0,NA
SAMPLE,6195.285,7233.10861696413
SAMPLE,4638.6647,2553.4543369088
SAMPLE,3827.914,1187.79820261121
SAMPLE,1825.4251,369.459236779124
SAMPLE,601.38756,103.733939080236
SAMPLE,91.40861,29.4217559910239
SAMPLE,10.192568,7.71182336369644
SAMPLE,3.388893,3.35557797290122
SAMPLE,2.4559256,2.76091847562696
DOSE,0,NA
SAMPLE,36548.084,12713.6600586251
SAMPLE,35935.703,4698.33261688135
SAMPLE,35434.14,1369.4032995989
SAMPLE,34442.46,538.20659175984
SAMPLE,33365.585,298.013233747209
SAMPLE,31682.743,97.5176653724876
SAMPLE,28856.869,22.1280759940696
SAMPLE,26380.63,6.23172472886098
SAMPLE,24158.634,2.86025479504544
DOSE,0,NA
SAMPLE,30326.73,17949.5381606607
SAMPLE,23327.517,12547.3807001622
SAMPLE,16364.239,8995.23308199401
SAMPLE,4482.5788,2069.46074247824
SAMPLE,735.91226,589.633718366828
SAMPLE,98.15263,193.833650671223
SAMPLE,48.985988,41.0500267169001
SAMPLE,39.423976,93.6981692675437
SAMPLE,35.76966,61.8763102508752
DOSE,0,NA
SAMPLE,32519.16,19727.4245625143
SAMPLE,30937.408,7088.60227297081
SAMPLE,28443.182,5148.42819457033
SAMPLE,20957.64,1214.89535348278
SAMPLE,13841.541,431.342469599063
SAMPLE,6549.7727,84.7836046269744
SAMPLE,1746.0498,46.960141178841
SAMPLE,555.6086,41.6833564906728
SAMPLE,223.70088,11.0298329807533
SAMPLE,79.1785,2.29640128308225
DOSE,0,NA
SAMPLE,34055.93,4618.46736890641
SAMPLE,33408.22,1271.56409758481
SAMPLE,32598.015,697.385536358894
SAMPLE,30057.007,253.064289327363
SAMPLE,26900.223,113.019807713746
SAMPLE,21930.94,44.7739265099686
SAMPLE,15172.704,20.3753127181673
SAMPLE,10914.941,11.0116122998323
SAMPLE,8113.118,5.61750702671516
DOSE,0,NA
SAMPLE,33857.27,38923.240827234
SAMPLE,30015.188,19140.424034787
SAMPLE,25205.16,8463.13073282302
SAMPLE,14700.559,1669.68952261177
SAMPLE,7100.2603,1241.84629890703
SAMPLE,1763.7985,699.690128384686
SAMPLE,281.15267,274.918015877092
SAMPLE,216.72735,94.5952772711005
SAMPLE,194.95024,14.780764255749
DOSE,0,NA
SAMPLE,26468.332,32413.4089908546
SAMPLE,22210.95,15263.444437355
SAMPLE,16835.426,7572.71607524082
SAMPLE,6369.1216,1605.74827792931
SAMPLE,2151.1252,501.336629557174
SAMPLE,899.475,193.970740796219
SAMPLE,539.8194,49.2040707028668
SAMPLE,372.85453,29.1216871938196
SAMPLE,271.28595,19.9474407866277
DOSE,0,NA
SAMPLE,35172.74,8232.43887121181
SAMPLE,33958.107,4878.50621410098
SAMPLE,32342.262,3069.02376100023
SAMPLE,27433.796,2122.59654413762
SAMPLE,22268.261,1473.10916499223
SAMPLE,15857.987,1335.14672845782
SAMPLE,8533.622,784.286665735976
SAMPLE,4445.438,251.39436581741
SAMPLE,2394.5613,133.558807592777
SAMPLE,262.7787,6.19301725097483
DOSE,0,NA
SAMPLE,24733.28,38264.0747626619
SAMPLE,17826.155,19394.4120203381
SAMPLE,12255.466,10065.6935408805
SAMPLE,7509.3155,3152.18931596245
SAMPLE,5088.4533,1009.0226412632
SAMPLE,2486.1593,350.407513420035
SAMPLE,708.67854,110.262412275093
SAMPLE,260.9615,96.7593910482141
SAMPLE,133.09191,57.333995202703
SAMPLE,11.177617,3.21054511762496
DOSE,0,NA
SAMPLE,35263.75,9016.54466249013
SAMPLE,34759.926,2163.52761563599
SAMPLE,34189.064,661.537677843662
SAMPLE,32538.296,185.483560942324
SAMPLE,30374.836,76.6006758620533
SAMPLE,26703.684,33.961231988706
SAMPLE,21016.174,13.2920568528215
SAMPLE,16797.379,3.39480250720352
SAMPLE,13580.382,2.25075624730784
DOSE,0,NA
SAMPLE,12427.3205,6243.82311195234
SAMPLE,5618.1793,2122.5987140722
SAMPLE,2859.7572,1134.67185779052
SAMPLE,753.3122,349.886980421751
SAMPLE,262.8119,107.109719124646
SAMPLE,66.00043,35.8589044766342
SAMPLE,16.588122,6.67695120452573
SAMPLE,6.0408995,1.91779778481657
DOSE,0,NA
SAMPLE,35892.754,8619.90570716099
SAMPLE,35378.468,1588.49738489019
SAMPLE,34919.632,676.253026733554
SAMPLE,34054.092,163.794571732716
SAMPLE,33086.3,73.9890622022736
SAMPLE,31468.697,46.0470056617595
SAMPLE,28699.911,14.068550515053
SAMPLE,26297.23,4.08172208547519
SAMPLE,24170.433,2.03610409016432
DOSE,0,NA
SAMPLE,33497.63,12204.686614148
SAMPLE,32743.84,3509.29416636732
SAMPLE,31543.604,1202.2458226578
SAMPLE,27608.154,405.090708348206
SAMPLE,22999.376,189.343675557868
SAMPLE,16527.87,124.036329142712
SAMPLE,9145.596,40.1149951181412
SAMPLE,5324.6818,9.16241796922274
SAMPLE,3219.799,5.84184377510158
DOSE,0,NA
SAMPLE,6859.638,6101.38904217936
SAMPLE,5366,2592.162934412
SAMPLE,4881.92,1757.35015292524
SAMPLE,3727.7977,1337.63397912811
SAMPLE,2437.3603,974.847268274039
SAMPLE,1097.4258,638.879035064008
SAMPLE,289.8197,384.70287590136
SAMPLE,105.14908,160.8390965415
SAMPLE,48.45812,83.9343907733477
SAMPLE,3.4385086,4.37019119504796
DOSE,0,NA
SAMPLE,32275.753,8245.58532063215
SAMPLE,27131.216,4581.1745830367
SAMPLE,21890.871,3289.814601661
SAMPLE,10608.004,1913.91445907093
SAMPLE,4117.036,1329.34443147719
SAMPLE,921.1796,880.523154903336
SAMPLE,257.48205,569.47745946724
SAMPLE,220.14065,388.136293083378
SAMPLE,156.44419,309.60022103982
SAMPLE,26.928574,23.4502910618066
DOSE,0,NA
SAMPLE,12939.115,1281.94895678035
SAMPLE,7167.129,451.166252883651
SAMPLE,5020.2155,267.979883507865
SAMPLE,2632.723,177.955580490107
SAMPLE,1222.0533,84.7686575683009
SAMPLE,291.7268,18.2743684179011
SAMPLE,17.117007,12.1153146566233
SAMPLE,1.2630735,7.44378957694203
SAMPLE,0.20101068,5.04280443882009
DOSE,0,NA
SAMPLE,12939.115,13541.0823243233
SAMPLE,7167.129,7394.30984233308
SAMPLE,5020.2155,3334.33466965439
SAMPLE,2632.723,1483.34827239362
SAMPLE,1222.0533,617.311610509376
SAMPLE,291.7268,124.537146865019
SAMPLE,17.117007,45.8686090769217
SAMPLE,1.2630735,38.1822476420826
SAMPLE,0.20101068,18.4827604318797
DOSE,0,NA
SAMPLE,37962.635,18526.5500197415
SAMPLE,34835.724,4783.18755802466
SAMPLE,30762.758,2242.12321000963
SAMPLE,19879.162,870.131515576425
SAMPLE,11210.139,402.504356182399
SAMPLE,4654.1734,223.689156259483
SAMPLE,1637.58,114.656980940952
SAMPLE,781.8872,82.0800609015539
SAMPLE,468.38692,57.1461733973461
SAMPLE,51.599767,4.41555564148507
DOSE,0,NA
SAMPLE,19933.903,43082.287620515
SAMPLE,16410.563,36012.1808229058
SAMPLE,13044.345,23023.2267504299
SAMPLE,6814.146,18230.9555852735
SAMPLE,3416.5494,15830.3788746304
SAMPLE,1642.7085,9740.90255205793
SAMPLE,903.88006,5686.59422298508
SAMPLE,635.8568,2831.98442481572
SAMPLE,479.89574,1989.66953062908
SAMPLE,104.29206,139.747900622213
DOSE,0,NA
SAMPLE,16410.563,38779.1279415439
SAMPLE,13044.345,33191.5974178861
SAMPLE,10858.609,29443.0624016504
SAMPLE,6814.146,22428.2904890096
SAMPLE,3416.5494,16309.8504474922
SAMPLE,1642.7085,9138.39927964204
SAMPLE,903.88006,5082.79943690562
SAMPLE,635.8568,1360.7775605832
SAMPLE,479.89574,712.233401204326
SAMPLE,104.29206,47.7150530048433
DOSE,0,NA
SAMPLE,8907.29,12223.2886734252
SAMPLE,4454.9294,4707.37069173309
SAMPLE,3041.545,2352.94960068574
SAMPLE,1849.3174,387.993070736607
SAMPLE,1142.0226,103.216739292547
SAMPLE,587.93503,46.8701524307649
SAMPLE,231.04794,21.852073165673
SAMPLE,104.301,7.07181318436933
SAMPLE,53.198744,5.2282340972685
DOSE,0,NA
SAMPLE,23998.16,4822.31746680625
SAMPLE,13390.46,3310.27374870683
SAMPLE,5851.8963,2834.25999383889
SAMPLE,305.6414,1917.41966945531
SAMPLE,46.313252,1369.03974836947
SAMPLE,44.492584,747.738369140854
SAMPLE,37.394825,328.062261996092
SAMPLE,24.63186,197.009431153481
SAMPLE,17.047621,165.268255326396
SAMPLE,2.8592432,80.6181354074502
DOSE,0,NA
SAMPLE,28186.007,24180.1551819983
SAMPLE,27733.196,9983.37984383913
SAMPLE,27343.27,5624.85088924455
SAMPLE,26431.934,4208.40513040691
SAMPLE,25235.51,4107.96268446678
SAMPLE,23118.58,2853.12168003112
SAMPLE,19584.309,2261.71352796313
SAMPLE,16726.473,1372.89938286887
SAMPLE,14379.144,1015.6155218694
SAMPLE,4994.74,270.658711507004
DOSE,0,NA
SAMPLE,31660.332,30258.8976290244
SAMPLE,29423.061,13573.300597543
SAMPLE,26149.698,8136.11701677773
SAMPLE,17353.68,3211.04955447768
SAMPLE,10509.32,826.098691253474
SAMPLE,5333.891,233.763341346796
SAMPLE,2436.4185,68.3825485406767
SAMPLE,1352.6541,87.2240644479553
SAMPLE,803.0287,13.3393242655773
DOSE,0,NA
SAMPLE,10469.633,1122.56803149664
SAMPLE,4306.427,980.479761296935
SAMPLE,1871.086,731.933359774956
SAMPLE,580.2659,532.098400868784
SAMPLE,365.77266,379.079730056077
SAMPLE,257.30073,178.468842211409
SAMPLE,167.57226,55.0941587708986
SAMPLE,111.75295,17.2260514645929
SAMPLE,74.81578,6.28662073904598
DOSE,0,NA
SAMPLE,19222.126,10551.2569048774
SAMPLE,13728.207,7408.56681275702
SAMPLE,8952.466,4035.64126378929
SAMPLE,4047.044,3326.92249292125
SAMPLE,2030.4446,3108.21108624018
SAMPLE,500.2316,2505.00946835661
SAMPLE,30.172937,1910.24733556445
SAMPLE,5.1711393,1522.54955272528
SAMPLE,3.2481127,1164.81457586255
SAMPLE,1.147978,324.725022583507
DOSE,0,NA
SAMPLE,19222.126,11992.7010269949
SAMPLE,13728.207,5521.22562023954
SAMPLE,8952.466,4286.14515796696
SAMPLE,4047.044,3627.40517946845
SAMPLE,2030.4446,3096.36499218998
SAMPLE,500.2316,2613.84306905657
SAMPLE,30.172937,2160.78436676486
SAMPLE,5.1711393,1578.06924212965
SAMPLE,3.2481127,1164.61099121518
SAMPLE,1.147978,329.126063872217
DOSE,0,NA
SAMPLE,22790.634,944.428514095572
SAMPLE,18404.455,654.382202118996
SAMPLE,14760.484,397.037824059759
SAMPLE,9595.275,208.778342278455
SAMPLE,3427.3834,58.9359877198087
SAMPLE,503.68965,8.37040797399932
DOSE,0,NA
SAMPLE,9948.13,8114.04505153298
SAMPLE,6225.818,1502.32955425577
SAMPLE,3541.4436,1010.29359327714
SAMPLE,978.79153,499.395893122447
SAMPLE,575.3975,196.087912245241
SAMPLE,301.9643,55.7935272865739
SAMPLE,104.52564,9.66276943689006
SAMPLE,67.15986,5.57923599089009
SAMPLE,51.311594,2.82882175844766
DOSE,0,NA
SAMPLE,9948.13,5982.59467835056
SAMPLE,6225.818,1391.92872251217
SAMPLE,3541.4436,981.326674618933
SAMPLE,978.79153,524.654887393214
SAMPLE,575.3975,209.526782552888
SAMPLE,301.9643,52.9528466671707
SAMPLE,104.52564,12.286737943276
SAMPLE,67.15986,7.9365271848014
SAMPLE,51.311594,5.75091848376091
SAMPLE,8.659456,2.10769345403696
DOSE,0,NA
SAMPLE,6225.818,1618.46869393059
SAMPLE,2279.13,797.798367678903
SAMPLE,978.79153,567.626382705189
SAMPLE,575.3975,336.71125609639
SAMPLE,301.9643,168.626286799681
SAMPLE,104.52564,88.2322030258497
SAMPLE,51.311594,57.5645805754609
SAMPLE,8.659456,27.500307673669
DOSE,0,NA
SAMPLE,24406.704,3174.09931100267
SAMPLE,18666.945,2492.31982529947
SAMPLE,12188.028,1640.84034345062
SAMPLE,2100.0817,672.684158276259
SAMPLE,156.33169,397.970284950288
SAMPLE,13.347195,206.974234358301
SAMPLE,11.9603565,76.8574186257595
SAMPLE,8.563947,22.1264177363506
SAMPLE,7.6043746,10.2971651920268
DOSE,0,NA
SAMPLE,18666.945,2464.06911624718
SAMPLE,12188.028,2129.63359280732
SAMPLE,2100.0817,977.859436595269
SAMPLE,156.33169,618.60105934712
SAMPLE,13.347195,322.715014506681
SAMPLE,11.9603565,114.811353730562
SAMPLE,8.563947,32.80620243358
SAMPLE,7.6043746,17.6683309308176
DOSE,0,NA
SAMPLE,15210.18,3794.45436755221
SAMPLE,6506.7987,2560.88730231124
SAMPLE,379.68135,916.19546360792
SAMPLE,66.961035,218.025416409619
SAMPLE,21.465253,104.017859090733
SAMPLE,7.7021373,34.3815526714758
SAMPLE,7.0453645,12.2833551668074
SAMPLE,6.167188,6.38295332544969
DOSE,0,NA
SAMPLE,64614.36,9572.6009090962
SAMPLE,60762.98,7033.97290627779
SAMPLE,56055.122,8353.41437849394
SAMPLE,48440.742,6792.10040585734
SAMPLE,37372.04,4039.79487999841
SAMPLE,23753.119,2059.6989383807
SAMPLE,10977.667,659.021691987192
SAMPLE,1514.5357,27.4076533538073
DOSE,0,NA
SAMPLE,11613.462,25500.9332782686
SAMPLE,7615.9835,20135.53858863
SAMPLE,6380.4812,17225.7157987136
SAMPLE,5166.2455,16934.0568679546
SAMPLE,3905.1762,7643.24252353501
SAMPLE,2813.1886,1642.26050543286
SAMPLE,1770.8881,453.666495336354
SAMPLE,334.2037,29.2034921096868
DOSE,0,NA
SAMPLE,61709.66,62951.7276527214
SAMPLE,58897.77,63093.4180449518
SAMPLE,56596.176,68092.8905738655
SAMPLE,54442.87,47181.5859716678
SAMPLE,50546.085,36864.1111668848
SAMPLE,38912.08,37894.431895638
SAMPLE,21524.677,21293.1315527758
SAMPLE,2922.7061,2499.132255223
DOSE,0,NA
SAMPLE,39638.06,1447.45784043739
SAMPLE,39151.806,662.511215507632
SAMPLE,38730.93,264.308501466799
SAMPLE,38401.836,173.185607558864
SAMPLE,37826.015,129.316845703235
SAMPLE,36802.67,79.3380531200155
SAMPLE,35014.523,38.7745649840584
SAMPLE,33380.23,26.5876118620006
SAMPLE,31826.717,15.4159458088887
SAMPLE,21484.959,3.93630707629377
DOSE,0,NA
SAMPLE,29675.66,954.701251110125
SAMPLE,23780.481,710.711309835215
SAMPLE,12199.184,462.965041125815
SAMPLE,5657.595,378.742482280349
SAMPLE,2723.0446,301.115600986207
SAMPLE,1362.3203,188.076855188594
SAMPLE,313.28884,90.4624287440639
SAMPLE,136.062,50.0861393944717
SAMPLE,92.9614,27.5923620948901
SAMPLE,10.044987,1.35794759006446
DOSE,0,NA
SAMPLE,17879.438,809.277347433769
SAMPLE,11958.486,388.215130968318
SAMPLE,4037.245,224.845229652876
SAMPLE,1271.7136,163.777940278038
SAMPLE,548.3207,116.256269421292
SAMPLE,341.14513,53.3073097818021
SAMPLE,177.4774,17.8732248305057
SAMPLE,104.02313,6.70122775450439
SAMPLE,66.61377,2.98087628582997
DOSE,0,NA
SAMPLE,23858.475,734.756565900568
SAMPLE,13644.313,438.252631385945
SAMPLE,3062.8366,286.817285316843
SAMPLE,381.82607,205.846114406919
SAMPLE,18.617293,140.142692738034
SAMPLE,14.258525,83.1912471187042
SAMPLE,13.493132,36.6079068262302
SAMPLE,12.869672,19.5008768277139
SAMPLE,10.430056,11.5871252457125
SAMPLE,3.1139047,2.45041604195945
DOSE,0,NA
SAMPLE,6404.1677,666.318381951126
SAMPLE,2310.3619,333.412198844475
SAMPLE,684.12197,135.966739860035
SAMPLE,292.8651,71.2146365702042
SAMPLE,154.10411,41.1440958615928
SAMPLE,96.618295,21.8211822656898
SAMPLE,65.391496,6.70145647784982
SAMPLE,50.812736,2.55506188885893
SAMPLE,40.552925,1.52005443093867
DOSE,0,NA
SAMPLE,26534.595,2121.92496397069
SAMPLE,22087.889,1502.22422674537
SAMPLE,13841.253,1108.16706290173
SAMPLE,7924.4547,1000.75131312846
SAMPLE,3196.6212,695.448271936764
SAMPLE,741.97,544.112175128601
SAMPLE,149.68316,227.849480430486
SAMPLE,100.634195,111.302455181279
SAMPLE,80.88766,62.5189940989665
SAMPLE,16.165324,1.85293338685909
DOSE,0,NA
SAMPLE,19265.23,613.820203036412
SAMPLE,10454.669,504.392909854142
SAMPLE,1931.5838,326.095910932478
SAMPLE,206.07409,175.920308524871
SAMPLE,30.848734,205.197695308516
SAMPLE,15.401246,119.456102800951
SAMPLE,8.018494,52.7083683201426
SAMPLE,6.6030477,26.2398698231289
SAMPLE,4.6922476,14.2265987932874
DOSE,0,NA
SAMPLE,10834.608,858.145209099161
SAMPLE,4775.2852,563.434721034752
SAMPLE,1816.2707,434.897200466833
SAMPLE,764.1894,288.538827627985
SAMPLE,199.6546,249.059019380329
SAMPLE,19.987632,145.837008062244
SAMPLE,0.33444128,73.7615661250489
SAMPLE,0.043427244,38.3715596364263
SAMPLE,0.01483199,26.4354839139969
DOSE,0,NA
SAMPLE,40809.902,680.481838196794
SAMPLE,40126.236,271.725360905152
SAMPLE,39468.6,130.405264739201
SAMPLE,39249.474,97.1903067031627
SAMPLE,39554.83,45.7623256588242
SAMPLE,40760.075,16.4863278190366
SAMPLE,42664.81,4.22068872263378
DOSE,0,NA
SAMPLE,39223.537,1766.00314837398
SAMPLE,37885.017,781.680521915753
SAMPLE,34347.313,498.770209157246
SAMPLE,29981.337,316.879231211774
SAMPLE,23141.85,191.66900804433
SAMPLE,14330.658,67.0581631630878
SAMPLE,6188.4933,14.3442810028875
SAMPLE,3054.1577,5.24913702513117
SAMPLE,1690.1118,2.49655919230797
DOSE,0,NA
SAMPLE,46597.942,2208.43284453539
SAMPLE,46106.52,540.199206460646
SAMPLE,45681.152,208.703644280653
SAMPLE,45384.07,95.4339752455557
SAMPLE,45048.41,54.1921530567784
SAMPLE,45024.837,27.0995246995712
SAMPLE,45430.016,13.0121081059993
SAMPLE,45120.308,6.7108298301588
SAMPLE,44114.98,4.29489855843424
DOSE,0,NA
SAMPLE,25918.88,1874.27562722383
SAMPLE,18121.666,617.636382944053
SAMPLE,6195.208,339.625407292137
SAMPLE,1856.0855,193.163868681335
SAMPLE,588.5676,106.110341707413
SAMPLE,379.71842,57.1536738132856
SAMPLE,269.30362,30.4311476003492
SAMPLE,179.40506,18.0451145658479
SAMPLE,123.593,12.4271427463792
SAMPLE,10.28533,1.49991353895587
DOSE,0,NA
SAMPLE,2954.8404,1533.36983818748
SAMPLE,1999.8267,843.116968691264
SAMPLE,1623.6361,455.214069583975
SAMPLE,1230.4362,314.200785950466
SAMPLE,713.4864,172.384365453575
SAMPLE,223.20412,56.0952662622986
SAMPLE,29.672505,13.1024602994332
SAMPLE,9.912535,4.72010013806491
SAMPLE,3.3858977,2.28875257744703
DOSE,0,NA
SAMPLE,18525.948,406.438729780933
SAMPLE,10546.542,233.990187917343
SAMPLE,3082.602,182.338591463818
SAMPLE,1290.8484,163.137560945988
SAMPLE,381.93414,122.688912067736
SAMPLE,43.448575,102.138101616238
SAMPLE,2.1316723,67.2830942086985
SAMPLE,1.2144345,50.5496586710904
SAMPLE,1.0028541,35.0500206235935
SAMPLE,0.2365979,1.56579784422332
DOSE,0,NA
SAMPLE,33657.074,925.433796054555
SAMPLE,32672.08,622.421362153899
SAMPLE,29743.475,445.601620265228
SAMPLE,26114.449,414.613148466681
SAMPLE,20464.533,351.696202793617
SAMPLE,13058.548,239.01444133395
SAMPLE,5772.32,144.129525900825
SAMPLE,2748.696,100.36018553994
SAMPLE,1421.0689,59.2449686876748
SAMPLE,298.02597,2.17341407526004
DOSE,0,NA
SAMPLE,22990.067,340.212287043031
SAMPLE,14772.507,215.49258029076
SAMPLE,4475.157,135.741825349944
SAMPLE,884.97823,108.754998510354
SAMPLE,41.37296,54.9286802088756
SAMPLE,9.756664,19.9705760962981
SAMPLE,12.0615605,5.91614298725178
SAMPLE,12.855919,2.33737904401093
SAMPLE,11.985554,1.18160110212706
DOSE,0,NA
SAMPLE,9301.105,971.436922211839
SAMPLE,7271.6985,520.511812200035
SAMPLE,4608.938,435.569704322713
SAMPLE,2290.8463,295.427233495838
SAMPLE,612.43194,207.187411782935
SAMPLE,105.79395,131.345028090836
SAMPLE,26.70719,77.9384852169542
SAMPLE,8.680101,41.1406350915681
SAMPLE,3.0591222,19.9325632773428
DOSE,0,NA
SAMPLE,25695.28,1078.45228774321
SAMPLE,17376.858,587.759977838773
SAMPLE,6261.471,397.911945384843
SAMPLE,1327.414,325.368071906732
SAMPLE,68.339296,237.119376387404
SAMPLE,17.447846,150.872744301567
SAMPLE,18.221224,47.7507112879085
SAMPLE,15.287165,21.6940521719997
SAMPLE,12.546466,8.95375875740234
DOSE,0,NA
SAMPLE,29116.346,2008.56225586941
SAMPLE,19017.616,2178.04042650815
SAMPLE,6857.1053,819.950114524494
SAMPLE,2143.3995,595.02636185317
SAMPLE,685.6613,402.341776198243
SAMPLE,445.5736,216.196346146111
SAMPLE,71.59626,99.067167480133
SAMPLE,32.8228,50.1176583438152
SAMPLE,32.091126,31.4635580784591
SAMPLE,0.007761048,1.29153983074939
DOSE,0,NA
SAMPLE,19943.35,2354.43492744642
SAMPLE,8119.596,1722.03644884068
SAMPLE,1524.0393,1231.31320675974
SAMPLE,758.8332,642.135818984825
SAMPLE,463.03192,318.074189817298
SAMPLE,240.75319,110.574584547825
SAMPLE,80.74517,28.4835497411673
SAMPLE,36.264636,9.61468152887265
SAMPLE,20.185612,5.93765270610219
SAMPLE,0.7256421,1.6743412577746
DOSE,0,NA
SAMPLE,37669.5,1609.02475779235
SAMPLE,26890.831,1376.48317653812
SAMPLE,10213.09,814.3172169557
SAMPLE,3301.0592,700.685500100424
SAMPLE,1407.4427,505.906768711022
SAMPLE,935.1585,348.435193434723
SAMPLE,258.26907,241.625587773232
SAMPLE,98.39396,199.941266773124
SAMPLE,59.387535,178.877039867635
SAMPLE,2.8721571,47.4225912380072
DOSE,0,NA
SAMPLE,0,3150.29306123858
SAMPLE,14539.499,2049.4725566877
SAMPLE,11440.784,1627.82118212905
SAMPLE,7351.8963,1196.54365404152
SAMPLE,3813.949,900.452888482166
SAMPLE,909.3156,599.689421091055
SAMPLE,44.091724,246.793411489253
SAMPLE,2.8709257,69.0623097313491
SAMPLE,0.46380144,14.4988249401053
